{"cameraMode":{"drawMode":0,"name":"Shaded","section":"Shading Mode"},"sceneLighting":true,"audioPlay":false,"sceneViewState":{"m_AlwaysRefresh":false,"showFog":false,"showSkybox":true,"showFlares":true,"showImageEffects":true,"showParticleSystems":true,"showVisualEffectGraphs":true,"m_FxEnabled":true},"in2DMode":false,"pivot":{"x":11.978181838989258,"y":15.107778549194336,"z":-21.762737274169923},"rotation":{"x":-0.02110094018280506,"y":-0.978632926940918,"z":-0.13261578977108003,"w":0.15571454167366029},"size":26.336517333984376,"orthographic":false}